Workbook

Sheet Sales Data
A1: OrderID | B1: Date | C1: Region | D1: City | E1: Product | F1: Category | G1: Units | H1: UnitPrice | I1: Discount | J1: SalesPerson | K1: Net Sales | L1: Gross Sales
A2: 1001 | B2: 46031 | C2: North | D2: Delhi | E2: Laptop | F2: Electronics | G2: 8 | H2: 850 | I2: 0.01 | J2: Aarav | K2: =G2*H2*(1-I2) -> 6732 | L2: =Table1[[#This Row],[Units]]*Table1[[#This Row],[UnitPrice]] -> 6800
A3: 1002 | B3: 46062 | C3: West | D3: Mumbai | E3: Keyboard | F3: Accessories | G3: 9 | H3: 670 | I3: 0.02 | J3: Sunny | K3: =G3*H3*(1-I3) -> 5909.4 | L3: =Table1[[#This Row],[Units]]*Table1[[#This Row],[UnitPrice]] -> 6030
A4: 1003 | B4: 46090 | C4: South | D4: Jaipur | E4: Monitor | F4: Electronics | G4: 10 | H4: 1200 | I4: 0.03 | J4: Rishabh | K4: =G4*H4*(1-I4) -> 11640 | L4: =Table1[[#This Row],[Units]]*Table1[[#This Row],[UnitPrice]] -> 12000
A5: 1004 | B5: 46121 | C5: East | D5: Bangaluru | E5: Headphones | F5: Electronics | G5: 11 | H5: 9800 | I5: 0.04 | J5: Dev | K5: =G5*H5*(1-I5) -> 103488 | L5: =Table1[[#This Row],[Units]]*Table1[[#This Row],[UnitPrice]] -> 107800
A6: 1005 | B6: 46151 | C6: North | D6: Pune | E6: Mobiles | F6: Electronics | G6: 12 | H6: 3200 | I6: 0.05 | J6: Mani | K6: =G6*H6*(1-I6) -> 36480 | L6: =Table1[[#This Row],[Units]]*Table1[[#This Row],[UnitPrice]] -> 38400
A7: 1006 | B7: 46182 | C7: West | D7: Lucknow | E7: Laptop | F7: Electronics | G7: 13 | H7: 7293 | I7: 0.06 | J7: Kajal | K7: =G7*H7*(1-I7) -> 89120.46 | L7: =Table1[[#This Row],[Units]]*Table1[[#This Row],[UnitPrice]] -> 94809
A8: 1007 | B8: 46212 | C8: South | D8: Delhi | E8: Keyboard | F8: Accessories | G8: 14 | H8: 8676 | I8: 0.07 | J8: Raja | K8: =G8*H8*(1-I8) -> 112961.52 | L8: =Table1[[#This Row],[Units]]*Table1[[#This Row],[UnitPrice]] -> 121464
A9: 1008 | B9: 46243 | C9: East | D9: Mumbai | E9: Monitor | F9: Electronics | G9: 15 | H9: 10059 | I9: 0.08 | J9: Aalok | K9: =G9*H9*(1-I9) -> 138814.2 | L9: =Table1[[#This Row],[Units]]*Table1[[#This Row],[UnitPrice]] -> 150885
A10: 1009 | B10: 46274 | C10: North | D10: Jaipur | E10: Headphones | F10: Electronics | G10: 16 | H10: 11442 | I10: 0.01 | J10: Aarav | K10: =G10*H10*(1-I10) -> 181241.28 | L10: =Table1[[#This Row],[Units]]*Table1[[#This Row],[UnitPrice]] -> 183072
A11: 1010 | B11: 46304 | C11: West | D11: Bangaluru | E11: Mobiles | F11: Electronics | G11: 17 | H11: 12825 | I11: 0.02 | J11: Sunny | K11: =G11*H11*(1-I11) -> 213664.5 | L11: =Table1[[#This Row],[Units]]*Table1[[#This Row],[UnitPrice]] -> 218025
A12: 1011 | B12: 46335 | C12: South | D12: Pune | E12: Laptop | F12: Electronics | G12: 18 | H12: 14208 | I12: 0.03 | J12: Rishabh | K12: =G12*H12*(1-I12) -> 248071.68 | L12: =Table1[[#This Row],[Units]]*Table1[[#This Row],[UnitPrice]] -> 255744
A13: 1012 | B13: 46365 | C13: East | D13: Lucknow | E13: Keyboard | F13: Accessories | G13: 19 | H13: 15591 | I13: 0.04 | J13: Dev | K13: =G13*H13*(1-I13) -> 284379.84 | L13: =Table1[[#This Row],[Units]]*Table1[[#This Row],[UnitPrice]] -> 296229
A14: 1013 | B14: 13/9/2026 | C14: North | D14: Delhi | E14: Monitor | F14: Electronics | G14: 20 | H14: 16974 | I14: 0.05 | J14: Mani | K14: =G14*H14*(1-I14) -> 322506 | L14: =Table1[[#This Row],[Units]]*Table1[[#This Row],[UnitPrice]] -> 339480
A15: 1014 | B15: 14/9/2026 | C15: West | D15: Mumbai | E15: Headphones | F15: Electronics | G15: 21 | H15: 18357 | I15: 0.06 | J15: Kajal | K15: =G15*H15*(1-I15) -> 362367.18 | L15: =Table1[[#This Row],[Units]]*Table1[[#This Row],[UnitPrice]] -> 385497
A16: 1015 | B16: 15/9/2026 | C16: South | D16: Jaipur | E16: Mobiles | F16: Electronics | G16: 22 | H16: 19740 | I16: 0.07 | J16: Raja | K16: =G16*H16*(1-I16) -> 403880.4 | L16: =Table1[[#This Row],[Units]]*Table1[[#This Row],[UnitPrice]] -> 434280
A17: 1016 | B17: 16/9/2026 | C17: East | D17: Bangaluru | E17: Laptop | F17: Electronics | G17: 23 | H17: 21123 | I17: 0.08 | J17: Aalok | K17: =G17*H17*(1-I17) -> 446962.68 | L17: =Table1[[#This Row],[Units]]*Table1[[#This Row],[UnitPrice]] -> 485829
A18: 1017 | B18: 17/9/2026 | C18: North | D18: Pune | E18: Keyboard | F18: Accessories | G18: 24 | H18: 22506 | I18: 0.01 | J18: Aarav | K18: =G18*H18*(1-I18) -> 534742.56 | L18: =Table1[[#This Row],[Units]]*Table1[[#This Row],[UnitPrice]] -> 540144
A19: 1018 | B19: 18/9/2026 | C19: West | D19: Lucknow | E19: Monitor | F19: Electronics | G19: 25 | H19: 23889 | I19: 0.02 | J19: Sunny | K19: =G19*H19*(1-I19) -> 585280.5 | L19: =Table1[[#This Row],[Units]]*Table1[[#This Row],[UnitPrice]] -> 597225
A20: 1019 | B20: 19/9/2026 | C20: South | D20: Delhi | E20: Headphones | F20: Electronics | G20: 26 | H20: 25272 | I20: 0.03 | J20: Rishabh | K20: =G20*H20*(1-I20) -> 637359.84 | L20: =Table1[[#This Row],[Units]]*Table1[[#This Row],[UnitPrice]] -> 657072
A21: 1020 | B21: 20/9/2026 | C21: East | D21: Mumbai | E21: Mobiles | F21: Electronics | G21: 27 | H21: 26655 | I21: 0.03 | J21: Dev | K21: =G21*H21*(1-I21) -> 698094.45 | L21: =Table1[[#This Row],[Units]]*Table1[[#This Row],[UnitPrice]] -> 719685
A22: 1021 | B22: 21/9/2026 | C22: North | D22: Jaipur | E22: Laptop | F22: Electronics | G22: 28 | H22: 28038 | I22: 0.04 | J22: Mani | K22: =G22*H22*(1-I22) -> 753661.44 | L22: =Table1[[#This Row],[Units]]*Table1[[#This Row],[UnitPrice]] -> 785064
A23: 1022 | B23: 22/9/2026 | C23: West | D23: Bangaluru | E23: Keyboard | F23: Accessories | G23: 29 | H23: 29421 | I23: 0.05 | J23: Kajal | K23: =G23*H23*(1-I23) -> 810548.55 | L23: =Table1[[#This Row],[Units]]*Table1[[#This Row],[UnitPrice]] -> 853209
A24: 1023 | B24: 23/9/2026 | C24: South | D24: Pune | E24: Monitor | F24: Electronics | G24: 30 | H24: 30804 | I24: 0.06 | J24: Raja | K24: =G24*H24*(1-I24) -> 868672.8 | L24: =Table1[[#This Row],[Units]]*Table1[[#This Row],[UnitPrice]] -> 924120
A25: 1024 | B25: 24/9/2026 | C25: East | D25: Lucknow | E25: Headphones | F25: Electronics | G25: 31 | H25: 32187 | I25: 0.07 | J25: Aalok | K25: =G25*H25*(1-I25) -> 927951.21 | L25: =Table1[[#This Row],[Units]]*Table1[[#This Row],[UnitPrice]] -> 997797
... A31: 1030 | B31: 30/9/2026 | C31: West | D31: Lucknow | E31: Mobiles | F31: Electronics | G31: 37 | H31: 40485 | I31: 0.07 | J31: Kajal | K31: =G31*H31*(1-I31) -> 1393088.8 | L31: =Table1[[#This Row],[Units]]*Table1[[#This Row],[UnitPrice]] -> 1497945
L32: =Table1[[#This Row],[Units]]*Table1[[#This Row],[UnitPrice]] -> 0

Sheet Sales Summary
A1: Sales Summary | D1: Region | E1: Total Net Sales
A2: Total Net Sales | B2: =SUM('Sales Data'!K2:K31) -> 16048141 | D2: North | E2: 4146875.8
A3: Total Gross Sales | B3: =SUM('Sales Data'!L2:L31) -> 16899555 | D3: South | E3: 3468593.3
A4: Total Units Sold | B4: =SUM('Sales Data'!G2:G31) -> 675 | D4: East | E4: 3853847.1
A5: Total Orders | B5: =COUNTA('Sales Data'!A2:A31) -> 30 | D5: West | E5: 4572915.6

Sheet Dashboard
A1: SALES PERFORMANCE DASHBOARD
B2: TOTAL NET SALES | D2: TOTAL GROSS SALES | F2: TOTAL UNITS SOLD | H2: TOTAL ORDERS
B3: =SUM('Sales Data'!K1:K31) -> 16048141 | D3: =SUM('Sales Data'!L1:L31) -> 16899555 | F3: =SUM('Sales Data'!G1:G31) -> 675 | H3: =COUNTA('Sales Data'!A2:A31) -> 30
